"","X1","X2","X3","X4","X5","X6","X7","X8","X9","X10","X11","X12","X13","X14","X15","X16","X17","X18","X19","X20","X21","X22","X23","X24","X25","X26","X27","X28","X29","X30","X31","X32","X33","X34","X35","X36","X37","X38","X39","X40","X41","X42","X43","X44","X45","X46","X47","X48","X49","X50","X51","X52","X53","X54","X55","X56","X57","X58","X59","X60","X61","X62","X63","X64","X65","X66","X67","X68","X69","X70","X71","X72","X73","X74","X75","X76","X77","X78","X79","X80","X81","X82","X83","X84","X85","X86","X87","X88","X89","X90","X91","X92","X93","X94","X95","X96","X97","X98","X99","X100"
"1",10.3531650655288,11.2464020403215,8.73453162179966,10.2240213802591,7.62429071542958,9.59486433339533,8.24685879586306,10.1227739989324,6.32496321975132,9.03700498521791,11.1070221267723,10.4712897401083,7.75407474111791,5.81503693254409,10.717502651902,10.9075606778698,11.725618966396,12.2646391752215,10.3740953679213,13.7929114850117,11.3311327439361,9.79034378023525,9.5369856883255,9.23980712045982,7.33354531776923,9.44997612128617,10.1675065185502,8.31094999246395,11.5301022201008,10.1619660554126,12.9431066723253,10.5968242065803,7.58547019493683,4.46885753159106,5.25860172058322,12.1189491833739,6.0558506550673,10.462611548214,11.2532873764174,9.60446995997659,12.1481232817489,11.9889542509762,8.40614811875956,12.364601326153,7.54059243296641,9.86735533008966,6.49948589297366,7.97389509207074,10.9183022117315,9.04615385133419,8.72937221285157,12.2246440132473,7.50350728732674,8.24215589105532,10.4978570790583,10.6543150483583,11.6167810695597,8.97256157437374,11.8759173828574,8.7967074504377,8.25248208930135,12.4100579355963,12.396275579057,10.3596643830189,11.8190649868295,8.22889954153301,9.24774101063351,9.53622227961184,6.35270315793968,10.1479512988181,6.27587279192593,8.99637860312281,5.80930155854009,14.4152748700511,7.25214772711493,10.4549825571855,6.7647622541377,7.43060267194565,10.4637824317623,10.2613107685658,8.18300280667935,12.7424430109597,9.01015946392593,14.6096141359527,10.3895236396955,12.2318449638988,8.59174824032891,7.50786551591868,10.8545346466958,10.583506279103,7.97961641509468,9.55237868564697,8.93148240139875,7.65964884470424,10.2853355915765,11.4254152255434,12.680206777528,13.2711383835818,5.59246852726238,7.08512980872448
"2",11.4368577612279,8.88990438328348,11.844419560809,10.2522778704812,10.0857322046356,6.28367467527838,12.4217133040388,9.05951184452988,15.2501422489276,11.3755892379172,10.1384438213088,11.6953319992203,9.52042980070071,7.30835605872783,11.850201055352,7.61331813466143,9.67952637803635,8.59141573869266,13.7932099958406,13.1193083128588,11.9851086998793,7.9255281885794,8.12739536231679,10.5325205175477,10.2684979763915,10.0816938959827,14.3747802884595,7.317465311984,11.1843588830611,8.50944826521941,11.1429492132175,12.7617682210437,8.17580151135041,9.88919973260452,12.1789007009756,10.8963063012713,6.43595462688824,12.3066343475266,11.6893570233655,11.0496566683961,10.4822803387897,9.72877140408535,10.5737626090732,11.6682797167492,10.1588694787458,7.64808992694494,11.2876188191195,14.7450912614508,11.7673518080281,13.9806539194148,12.2842270463224,10.5656435045274,9.1729068868665,9.70461383601545,10.451012539694,9.34901328045205,9.14375425935482,9.730133938456,9.32736284172709,8.45014467429245,7.66661710807831,8.50404323156596,8.67445135364141,10.1284456917815,7.04914196758187,8.76732258705819,12.3576708776543,6.22621726744756,11.2047064807039,10.9133521852996,7.37460189959778,15.8231821397662,9.0252637305385,6.6568738105809,8.51086812467096,11.3432711429363,11.7926830960804,7.53501630325598,8.92683580387355,10.48502648878,9.77829074343329,7.72596823785991,6.74481596745618,9.64988906178946,8.90682896521559,8.36677117644854,8.88270446771708,10.0244771848653,10.9015381504256,8.53420570882644,9.72753426171342,12.1594210899836,10.7928993121299,13.4725751079733,11.2779799077002,8.82179980974534,5.65537624914487,12.4197088858798,9.69531967775764,10.5736431939925
"3",9.37611559177226,9.84742865164158,10.4702599649907,9.70053470406632,13.931214283145,9.75750561599625,10.4502678239575,6.977037012078,12.5816511906415,10.9765419507991,10.1182149414466,10.0687035149694,11.870622842174,9.3921370456264,11.7239765932196,9.64658407839042,12.299708742729,10.1399455251336,7.4119609320134,10.9770779338823,8.74193557001304,11.8818322229249,12.5971015554184,10.8028888915345,10.2452412479138,10.2358275202487,10.2710303312742,8.86444746065053,9.62595307431063,9.1486224352294,12.3523590145893,11.9059469035862,11.4648571634837,9.69078021705339,14.3362234087966,12.2671300932806,9.64185497008819,8.48946337039057,8.33425174416602,7.00353619667586,10.2093451452272,8.3421567381862,13.0303893264882,12.6205429523248,10.820425940998,10.2954535262348,12.1306832549351,8.90945158351674,10.957665280349,10.3049852361191,10.3936498352285,9.50362307337255,12.1382787227536,10.8955439470297,11.2445376261642,10.627913836215,14.2770688872985,10.5485175547583,8.45670426468583,8.79006532827482,10.4123931566787,8.12110511915089,8.54237832542721,12.2041967185823,9.03722917626462,6.13621698947021,10.6525539701395,10.3490685070418,8.47234806001015,10.6411093624182,9.57031396703639,7.51025398553992,13.2224371624321,15.805248243473,10.2057007980946,10.5776004026652,9.17672343875993,12.6782330353893,9.36729868410735,11.7300076323197,8.06548385968129,10.0760854260057,7.84437075546929,9.05949642915817,10.5419296032832,11.4157988539826,12.2613078538734,7.85064237524126,10.3239751820489,4.59368440462055,11.3468245427298,10.8431152124122,13.8012628734824,10.7280090320347,11.2615966759968,9.83733097281044,8.99998835528809,11.545261405777,8.96292483036295,10.7060371379303
"4",12.7104523920183,10.1422291877312,8.6996264363559,15.9065522873985,9.5825982691056,8.8329589825452,10.8767662930663,12.0105348200248,9.33323407171122,8.77629889169948,8.31859988857399,10.5723711345186,9.53332702870025,7.54737955365784,11.2113171319555,8.9456224911128,9.62490404106037,11.2529670080102,8.93040612884385,11.8300967338893,6.71988499062843,10.3330229203091,11.1068075214765,9.28476996880463,7.40401875232097,11.5425624280011,8.25874726468312,10.9129836946484,9.00981886580612,9.40437047565995,10.1322041886176,11.1984587511939,10.4107361148252,10.9402648872599,10.0754608796929,9.19883401870218,10.8178557172931,12.1044682613463,9.05236390717348,10.2830941212641,11.2805818422732,12.5507447914007,7.25914445659381,12.9833202380775,8.38498107354649,13.3328829829505,8.42978453916263,9.23157142130566,7.33666362402861,8.44959122583793,8.26545910630267,9.0136952466393,8.5978048180354,11.6823218561986,8.72045593086933,15.922069592423,6.3540937569024,12.0503818218247,8.87499888288717,7.54459751565816,11.1529387540369,4.44248787529818,7.32973909961929,6.63843710192886,9.25639973790863,6.83983654281058,8.05989521451225,11.9096118956041,8.55587428628247,9.48244953229697,10.676949436328,11.0103573935459,10.5918556290757,7.94246311301577,10.9796745063503,12.3609369348155,9.77816627851261,9.27034499850039,12.4429272079425,8.57643571767931,11.5766273071956,7.10916398238925,7.28548512014497,8.41520935648876,11.7417921552694,8.19573818702234,10.4088016050779,8.80423671889828,10.4233199374474,10.8653855274376,12.500770530384,13.0865908160782,10.3100708194402,8.09391040290323,11.5344659688365,8.32364075354615,8.74744101972105,12.8608784947752,6.70852556021581,8.69090096128843
"5",12.216360457395,10.0744030295296,10.2764874584052,10.9548542441984,9.37110829102488,7.06874272078839,8.7484029870152,9.03534676414859,7.19667921115929,10.9289364371427,13.9774373460259,9.60374168277492,7.14295455689867,6.55211196655432,11.1414438294299,12.5839058327756,8.89975096217177,8.9675417580198,12.5442808263779,10.3640467624756,11.9055427153373,6.55882500880056,9.61859220305852,8.24285814315376,8.82346876136758,8.46449825813778,11.2732660898926,8.22199658025279,8.25521108325325,9.73014245726205,10.2786693543036,13.9707442560742,8.04833804435583,12.2498278484569,7.39680501497948,10.2653272733237,5.8733532126927,9.67028500058744,12.4744307840633,10.2963764919214,11.0458737159727,11.637294002781,8.69865577291707,8.32797814550238,13.148115185613,11.3388618063537,8.12528313391763,9.57874907469797,10.1555001001875,10.8962110556004,7.61488243195817,6.98169766698947,12.1795786421132,6.75828699586131,9.16489435585701,9.59310275716086,9.75046170890496,12.258475525866,8.47203913992802,8.11974728227188,8.08858201177483,10.3132856220025,10.0895162425888,8.66142370042908,10.1943839850057,13.8184748938798,10.4123353308811,6.54261262468055,9.63296257830299,6.87386037518377,10.2865977615171,11.0600389817327,9.58970522532463,11.3243094835808,8.5748036338098,9.34545960990696,7.74915114292979,10.9355372370351,12.0405606306582,8.28886263874501,8.72721237022368,9.73464179336368,9.67521955088266,11.6293450930808,10.1752389023128,9.24436823905606,8.8622217268085,8.38823835320327,8.55685341077117,10.4175311042944,12.2777269893531,9.95432362696873,12.3429839523649,12.2255234194713,7.99435214644797,10.1597468208427,11.4017187220222,11.4175278925679,5.97078791309239,12.3673592447631
"6",12.0565413090896,8.12184360591441,9.74665103645482,9.0140220308009,8.68020080265101,9.28493829285916,9.96925501292568,11.9674416240206,13.6850872800188,8.5238667665592,13.6463404989741,10.7406601784091,11.8935357979791,11.0532792805086,7.71118752212591,10.1253925246081,11.7929764371293,10.7956701737281,7.69522808572509,10.4224724929509,11.9843093236812,15.1094249321577,8.00320766330871,12.1644440919376,10.9711126499125,13.49285016911,5.9994779536166,13.3077651408381,11.6544448974704,8.10937895194781,13.5590387541317,8.97760301155459,5.10964206176432,10.6461399427163,9.6697903080862,8.79884294020204,8.16429708324883,10.4321049272697,13.6484185189948,9.63161163607385,10.8544522087717,8.34575253097185,12.8578471083894,9.63692791424932,10.6012122506379,9.93640139816816,10.7005373673769,11.2945218897102,12.9158056538094,10.8967486023024,9.65054912291952,8.2254476494257,10.7444155664651,9.75294013713218,12.8149674127748,9.80458901353294,6.91007439597837,11.5561002659346,11.6978545867101,10.7451714632823,13.8104822667476,8.88821657533481,7.74017466181996,9.00450427443585,9.17487318661608,5.16619684502403,9.94684492780015,12.2209786120015,10.6458114441155,7.29863195221403,12.4920549202702,7.66223018356366,11.5823887539909,11.3956840029026,10.4790524126122,9.71772736759679,10.4616717977344,9.39153137292596,9.48974756119697,11.5846791522727,6.66005149259324,10.5694953825089,10.7577828721759,8.20097922970725,8.42878891584715,10.4533161857305,10.1954353447921,11.2248099193498,10.4495495102581,9.86177429999205,11.5007379795429,9.44831909236528,11.2048769417571,9.3580655782215,11.8419024662236,9.41323503150105,10.7163523182574,9.37950151868315,5.28607758792585,9.78810706228337
"7",10.6709186620321,6.56782824888258,12.9933438879392,10.8192460605937,8.89951800078981,7.72800143668217,11.3212373684049,10.1159358127965,11.5013711370357,8.859849166824,12.4503473512496,7.92249834615514,8.31412987972581,7.56423404522059,12.354804322159,11.8238806648868,13.2780236925,8.71353717348989,11.5157178585685,10.3657050693998,7.1007191033361,12.5416678835375,7.53643752187078,7.53171281514767,9.80517639832897,9.86996925728273,13.9650863900288,9.69965787380973,9.04062417079591,8.77816768707129,8.83934971038125,11.0290336448122,12.0467723434783,10.8108909411881,12.0447590980539,14.1339958126158,10.2235704823725,7.78513117742493,14.5050416194993,8.90594204256484,6.74868379934409,8.06068415645516,11.4939996400641,8.71882561438805,9.17787248483424,13.8157683748574,8.54482655124281,4.93997115474881,9.10251620964936,10.3486786519372,8.82724264063934,12.7537016908603,10.6591454380107,13.1885570386119,5.86123201978743,10.1124983073886,11.5357304395843,10.6417043117932,9.56126051869061,9.32834099976514,9.95846079257319,4.61871615399663,9.91588936463287,11.4583813290473,9.68473518204248,11.4494094085018,12.9720760177257,11.5635359108384,9.38194225896587,11.0116566011124,12.7793231224712,11.6366689443864,8.07212641940801,10.1962293448806,10.1930383450666,6.80758125245174,9.50178691194892,11.7430854540016,9.97623008589899,11.5804798370007,13.0592842854264,16.3360458857584,12.5340422708006,12.9499195858489,9.87127064466971,10.1883229233339,6.74522409984867,10.4065345858856,7.73791963286026,9.1936819718985,8.88489281549925,13.7348055068166,12.4776392550089,10.5812000620671,9.77751951562142,6.60229051036262,11.5396455859988,11.6936466444608,8.71838427564037,9.29627169432458
"8",14.7019044200115,5.18111734816494,10.321953862904,8.47307565473294,9.62995169930275,11.4353949485767,10.2984741880308,9.08078750342918,9.67843106432607,7.80258721566027,7.39703962672567,5.79504586691384,8.4405360015896,8.34161807440141,10.4060403378685,11.749349996441,6.60040402645873,5.35285182826704,10.7522318456777,11.0946202163788,9.85201132413956,13.3572927542162,9.47412526084004,12.0254902074897,12.9662140388587,9.09165573256163,13.0690716875316,10.1261824721902,13.4444832036468,15.8073615842304,10.0553010929379,13.6705785969751,8.87312935805262,8.8333628641969,7.12851390146059,10.4884738404597,11.9739781234002,13.1334353922691,9.56114677113541,7.84304774495034,13.2883446008267,12.1134698817192,9.1270510018444,12.1890511565931,12.8608734665982,9.47867705055916,6.63857527394483,10.0437438343931,9.92294405263898,8.63279187003167,8.36928226710369,10.056763929407,8.851696019808,11.7736210177418,9.28958413639634,8.34886205631968,13.9233632405257,9.53470469726481,9.90791939684146,12.083094772219,6.36814742664068,9.23158505491093,8.72750622937262,11.477004160257,9.75441033162024,11.5750248713155,13.1991458834127,9.33000275873018,13.7957942451057,8.10501084386809,10.4834311940725,10.4614073907,12.5229873202076,7.73117643216481,12.6429445045425,9.16641072671694,10.5611872209368,9.22444586888499,11.0485862966936,10.446466838287,14.279995609384,13.358317598822,9.41298352048613,9.87562501435316,10.5586287549936,9.82246692318315,12.1142276951665,11.0160188957045,10.4227347777707,9.34621037906356,11.533245493147,12.7979351578412,7.31180137035803,10.5923668677885,8.19587148514802,9.85297042403639,6.93968071970069,9.27689837650509,6.98858500694976,11.2148277781444
"9",13.1879832292362,10.539144873305,9.433317706888,10.1022608477028,10.0044106013882,8.25203778897868,10.1407659720802,6.88137749762983,8.84336265523344,11.5381062389831,7.39794739305483,10.0572222953724,9.32440178584495,8.73154961532823,9.84700507090177,12.9725060967296,11.8291784016987,7.48269135210832,13.3345535425779,11.9228837272726,8.56302394963502,13.1568437106906,11.5358355871516,15.3739947828736,5.53247321794641,8.62577757399609,7.01798680215469,12.4490356832477,9.81990394512071,8.9871620806485,9.21827978951706,12.3267983509452,7.69143712606669,8.61970211370799,8.61519840868584,8.54397101662047,10.128720606521,7.80049393274331,10.0426844296028,7.58719262694668,10.3657017517817,10.2228406416765,6.65376896497021,10.1406550066926,7.16786988244332,10.4449996554444,12.1083876960391,8.41975367595449,11.5678424375495,10.9702777936366,10.1244835219415,7.11725689633936,10.7473459801082,5.33999561656448,10.3975567392154,12.5289625760037,9.60400690100848,9.18886864108072,8.64463087881337,11.2223252657474,11.0113773804792,10.704865972657,8.49481571011807,11.7561625630715,12.1654796680748,9.07935534757539,7.5216812445104,10.3395427448204,9.13994426589746,9.93831868699932,7.84052335608669,14.5342577853599,11.2477822149961,11.5346605159998,13.1816228318785,12.8246803151491,11.916861492307,10.0711564130255,8.48829910770423,11.9769273785445,9.97159592639038,10.9479239399583,9.98500423848802,12.6164946118674,15.4314329809913,7.11931073261857,10.1167971436521,9.72316018418671,9.15649533126728,6.1675472399783,6.51362628091113,7.20965265562775,8.85868626517816,11.1740294044261,10.1975159680508,12.0017194507328,10.2921313006615,10.2014890678181,12.1293756669764,8.66244493468444
"10",11.1083362233387,6.55378863922834,9.70099414185017,8.91547253589742,13.3908360695215,10.616246753359,10.1923468883065,7.41846661507694,9.06240479192406,11.6616241525765,11.8093968751481,11.1619287154146,9.98761979407263,8.59429139811822,12.4999693289341,9.30835720043799,12.4291247860237,10.1357387821464,8.45521010469993,11.7516699583427,7.82272802166032,11.5243891835921,7.96957723081571,10.5224245306895,9.95531228106425,10.3002353845793,10.6140150874744,11.9794003922729,12.9852223465283,8.10944960902872,9.67309985809816,9.22526351926156,8.16418291125412,8.29877002240949,10.063723687845,10.4569057722473,9.97032122819272,10.3340796613938,11.7277329487392,10.1813072847868,12.6697280285747,12.2324974837388,11.4299090600522,9.44863852812377,10.7850650019855,9.90996819314504,11.9926760484859,8.78191844306353,8.4443465403183,9.86347453168292,9.7184863629102,7.77089424521833,10.5930397069344,11.5649444851843,10.7234599883944,9.8344719571331,10.8971845559499,14.6611143181896,10.7615623803533,10.8603209267479,8.25412429598378,7.59225093570969,10.1599226950666,9.32446986854623,9.11883353726287,10.0876508890897,11.453765086445,13.2991042486093,9.28099038459423,9.8837858819868,12.6802963410254,11.3164425190981,6.36001396678518,12.0190655348978,9.90742438834793,8.5231535294559,10.7923888889974,11.1939251373869,9.46485514313034,11.1205905976747,11.1909326565863,8.71423109276861,8.61568335631666,8.87200317509783,9.61100036161482,11.8645248580697,9.69589530707098,7.42514716098596,9.5325748628751,13.9822265975739,11.2639313356911,10.8213072653191,9.67480897916421,6.16447380718167,12.0093103272073,10.62250740292,10.6104378378713,10.88688785403,9.43669289875306,13.9191102972779
"11",8.7749466395052,9.1553691490348,11.3070548116287,9.51831344275772,11.4402632487564,10.4268030257251,6.73860370415281,8.76240723870586,12.7455822260543,9.78812817712207,8.74555558945284,10.9821948874069,11.9832973284141,7.09065972333727,10.512019790057,3.64011988791785,11.7264973202394,11.6805123485805,11.8794958674621,7.07952802893701,9.21875949849128,6.26888922781323,11.4461788440723,7.08791004295554,11.3147497304492,10.3621667972004,12.6902480366861,9.9118292811511,10.3253083114375,7.91548652124285,9.75056168342227,9.25935044397878,8.85752504616923,9.26488051859359,9.96031958467834,6.54705370347406,11.4192004244357,10.2459871009114,13.1068642958912,9.15039602277634,9.62613446201072,11.702701323206,12.0605133860931,9.88364477386738,12.8270789070949,10.9003016651258,9.65293086593347,9.55269628656314,6.24914977325959,10.587666037213,12.8710116475574,8.0334955327556,8.49862873129118,10.5883303928513,14.3830812057024,11.0646428798359,10.7987745065352,12.460374512525,10.9683813021856,12.2352257897928,8.55304843905225,9.03902319577451,8.0630088744152,8.7591135740073,8.45152691011482,12.151470078913,8.09444203380902,8.08778224619173,9.4778962475077,10.7402587383136,10.4538481160556,10.5565199442606,8.34594748976416,9.84508307172182,5.80223493214341,9.74386364188769,8.08083299691852,8.64393292589115,12.4605822871009,5.88089102167921,8.95261171398661,10.4378685773465,10.0936389085383,9.46444850507014,11.4324132984313,10.6469602662544,7.86285030961785,10.0605692830505,10.4010771774456,10.0319821223511,10.0621187632092,7.72559540620049,7.70601461794992,11.4324042655021,9.47016805714937,10.5974248920642,10.6595718900287,10.0103962878962,13.5586130593506,6.56774513574503
"12",13.899380586035,9.18240140049994,13.7950028467589,12.2090802458821,9.67892703169035,13.3745317355279,9.09746148673449,9.4769949974606,11.7158333493683,9.2136585130895,9.36673217100686,10.6262517271409,8.95938030239406,6.35600627099333,11.0683564606434,10.4337855025503,10.5107415782148,6.79120781923426,6.97057318407014,7.00282655861537,9.34423816561116,10.2549869992332,12.8605298329288,10.4825538165214,10.4137771757717,8.62128877724161,11.5377534665804,12.1946770951235,10.3412060517341,5.00916399304174,12.3493172711574,12.3528041888234,11.091073954491,8.32096885204273,10.5679113629367,9.93070012119822,10.8831445951904,8.33482532080422,13.1312014540082,12.5065110910787,10.4410251387881,12.2072103445984,11.8274111349679,7.8541974458463,11.3276616137622,10.4215879990652,9.99391230662828,7.50181484629566,9.82517725984253,11.5213150575345,6.36592308197323,10.47641431672,9.28162508373101,8.06525033932708,8.28767050090172,8.82379753643857,10.493916261835,8.21589028405052,8.11862156535525,9.75383987905445,8.41372257114591,11.1337241819825,9.69137703319154,9.38314583312047,9.3823312313272,14.0588511268222,8.18466483551548,12.0852688203059,9.15504621982956,13.6386449958778,9.93132350738766,9.64375791836852,10.8766923026706,12.3721678650737,10.9720209634874,10.0120319689397,11.2924470808035,9.37053441607735,9.91620241073364,13.0081192439967,10.5006924149601,9.8991266132752,6.90043050999939,6.56702987369617,13.4429513224681,9.69520094317841,10.7965166567459,11.0309464381484,9.69129431703603,9.34173945450099,12.284643031309,9.12851287566933,11.3099981491523,14.5876767658394,10.928196421444,11.3749764077565,10.6313553509729,9.17565330567327,8.82943873352662,5.84292625071447
"13",13.9793797012347,8.58488763468482,9.26319661117985,12.6289064389603,9.93731306200582,11.2298486301235,11.5859384059677,9.73694506206373,6.69741666008691,9.43419623207448,14.2510407776074,7.01475701477301,12.2954701870479,10.2139954447997,11.0100269335275,10.0101240386641,11.2510194469658,7.60978184321091,8.57661689747318,7.95705452535547,9.77480607168384,7.92803930066787,11.2650988565304,8.94545570437114,9.10252030739111,10.6944818551662,8.08668210069796,10.5982760628907,12.5312871429602,13.0757307000696,13.6874043916974,5.75105513720331,9.10015052278748,9.09018495885707,10.1206137854343,11.6140937170662,12.0284626008543,8.84099124597302,13.2959476328172,12.7353053035273,7.71338335902826,9.73361771053889,5.07427333249614,13.1031843910333,8.93473600174165,7.73801506112729,8.30029535031041,10.3198841633822,7.51142396373946,11.9342153132467,10.3614387294316,9.6786219871921,11.9384569573657,10.0159569792256,9.48338318519226,6.99026202724819,7.08485293389301,11.8562929513262,7.38213670349757,9.39860957747556,7.67575750625483,9.88230170497515,10.9706346071591,5.8378558248364,9.9467875523877,7.4143182718029,8.43428328162477,9.8834687512941,9.29329815584082,9.9456733172589,11.6610519679511,9.44985868071999,6.65671466724598,10.5544371213846,9.16432370839807,12.6785677354999,10.0157265291898,9.82550344851553,8.48060287500644,7.0377189203881,11.1448180949222,5.0115347537424,9.24516194052664,12.184144308516,13.1443264551031,9.78755090465421,16.3178865884774,11.6705603683235,11.6075694109037,13.4051450854471,12.3777113488718,7.82489634329737,10.0301406200081,14.3868116282158,9.95469794826356,7.17609305449241,11.026840710853,7.72788128762322,12.0269803804149,11.5025168430463
"14",9.75068760903341,10.9846462657877,13.0804370166798,12.9155914650494,12.0668989650093,7.885051533758,11.3860563472833,12.0799691470743,9.44024485023481,11.0782961141452,10.7075050214264,11.5991338355318,11.1116446893339,8.54455273256912,9.99126553756223,10.7739214768392,11.4418077964831,8.66263550577584,12.1452723022354,12.7088192184557,11.5242051551923,8.1874258361799,8.88686387218507,11.2588048944349,11.0614834652568,9.43089748799533,12.3925191065884,10.0997002996401,7.64392479805657,13.0569922086017,11.4675585344798,8.08578287957154,9.76681377108497,12.5242931961306,11.203001776496,9.41256254435916,12.859007522821,11.8482858620833,6.07615868803409,8.62070930964354,14.6944994815574,9.45328423254673,9.21757700600574,11.5991565408138,10.7538653989184,12.5328204023696,8.25497428511701,8.62447633571394,6.77534801050286,10.886599585329,11.4254797830661,6.63409824081984,7.91550028774123,10.8350505910453,11.3807045894088,5.0273949832468,10.8065837936371,12.7579138657952,11.4675210570178,14.2614219336039,11.7555962971531,9.32316959266488,9.97830944050373,11.2084114256586,11.6620037609581,13.4614837542661,9.87329971016508,11.5242354583962,10.659063926001,8.43502325643813,9.65167938731202,7.45645881409563,12.1202309484755,10.0295823988748,11.232908284283,10.3269854483897,11.1253871654463,12.7609313410208,11.289950894372,9.22105588069064,13.8748560633652,10.217846640039,7.68976711267488,11.3610764233275,8.39120837172685,6.36214538051128,11.0951294399071,11.7277328286046,6.86426928005251,10.8321564216584,11.1125408557947,8.94094088977128,11.4327238453652,11.2374295310546,7.87982763763737,7.80531379840551,9.77616057830785,10.2811776472522,7.29909843605912,10.3362509986536
"15",8.04616708875027,11.3927654014825,9.79576786248095,15.1222682598256,10.5621157109585,4.5638940761396,5.64032471615343,11.5523086533499,6.55448761540464,8.58630150155486,9.04856926215337,9.95797860112451,8.59170114080514,12.8490682196468,12.4092099468313,10.527640006587,7.63126287255023,12.1588518247038,9.54584154291329,8.79818584961813,12.155295128446,12.5723461906258,8.42438751365792,11.3944893995773,8.65487118967127,9.13806757534839,11.1793477687338,9.80505782688293,8.20238045336628,9.42476119749216,10.1704444420897,9.26914674238097,11.7241968726778,7.90491643127478,6.65693192300513,15.1312394657072,11.4939401713556,7.14030500989758,12.9715347797717,8.24242865012448,7.45269354700788,9.29152234378175,10.0006007616061,9.29317541988843,12.3167260100269,9.66071959808516,9.99059852673689,8.94409343650912,9.25610533199997,10.4611764968231,11.6627352298033,7.82930062537222,8.37763901546407,10.5719995522416,7.99277636383294,11.5509673329904,7.53221728927169,7.6972322077646,5.43951369695968,13.0964526135028,13.2433038682911,12.525207548238,8.69739859008707,11.6895678785959,8.57705802766382,8.48011473369415,7.63737999842284,8.62037809144766,10.2816083249907,11.2350538597718,13.4692757460462,11.1284654639868,10.1026870771896,9.44591342223271,9.93906808444623,8.37589558704134,8.7380494096409,6.93597478471716,5.80064873774419,8.83859589226424,11.4555382339985,13.0402440675118,9.01158815164353,10.6879848073947,10.6596121350334,9.9235918253769,8.30451219633424,8.50647207919527,11.3093177306218,9.23552068461249,9.06532029109164,8.12733715619835,9.10904188923315,9.02536094638816,11.5843611041245,7.31310345298597,8.08888596417238,9.18197580532849,8.87496823051843,11.3898838414033
"16",14.0515007827702,9.53533362707393,7.36462415187138,12.4406178770762,12.864305438416,10.4954469683755,11.1963442483186,8.79078826450118,9.14007295150156,11.7483783059853,13.8882392185035,5.83006012780266,10.2343121489611,9.58938613867042,5.97350840968938,11.4042204593265,9.71005089620144,10.7893968702388,13.702264783386,9.88663314786034,8.06484904582804,9.9941465546529,11.4654915254042,9.92570058247919,12.0316847983805,7.92962617508217,10.1480678525639,10.1431194721207,7.56676604885396,12.1825953201032,11.0231130746869,11.3374709412193,11.2576265079972,10.2944943642127,11.2954829669412,10.2920223452606,10.5592215671926,9.0577032148073,8.6898821227933,10.540781857621,9.08621889764485,7.93502850961216,8.39903303275025,8.45042517332404,11.1487682581472,10.670523296086,6.69159571037872,11.110949715687,14.7778848664089,7.92671044203548,11.152906340507,12.235154793783,9.9816456477989,12.8546390037545,8.25779443756752,6.08007489833847,12.4344378037401,11.1372467813339,10.4629668359586,13.3107457382879,7.6627080796723,10.3881755808913,11.419371896651,9.67728035199708,6.49751473824789,8.61174758696322,11.5434288114653,12.850455647941,8.21135936899936,11.5413569721045,10.6189720287831,10.9217861645,9.9275268579933,6.97297726007913,9.68530525643406,12.096163993318,9.38640524497908,9.40079715950291,13.1139423774224,8.60659620376757,7.59116270401355,14.1616811725049,10.4244738064084,8.59041714785202,10.9101728980412,7.76157331605049,7.59647231304768,12.2347824927949,7.65324526160905,9.61710792889406,7.32143410326475,7.24624887342262,10.4433837378478,13.4086282269282,11.3869904073554,4.86492401400624,10.9063001481677,13.0479130001232,9.12650923510243,11.3116493570886
"17",12.2107391326999,12.2932131359212,10.2138425426497,5.47336924652967,6.00938558018707,11.472805843327,8.35875262564531,11.0754934723722,9.05623132337253,8.87622012880729,7.62828556925995,9.68294317575531,14.48764707453,10.7021379212293,10.337163598603,10.8639898233778,11.580773969946,8.44665903231042,7.86098520401442,10.2892396906328,9.86586912740273,10.639987325973,11.1686000359717,9.96284457076663,12.329237127719,12.8994759960883,10.788689097795,15.0678094885454,6.90957746635177,11.8757747141122,9.08173588896439,9.28477272050745,12.62205991973,9.36568163834936,10.6607402165316,7.76980603312004,6.46559610007439,9.36793568737876,10.8423134948257,8.71741554181985,10.7079209119385,13.4700265272343,8.75893680441648,13.5405540286875,6.84364666422646,8.1164515311331,10.4277833786629,14.9467306846551,15.2362271518112,10.2986447240517,10.1511838769124,8.98266359622034,14.0066674164854,8.15436148687212,9.04637268730486,7.58876683662761,6.8641184108921,10.1428514594739,8.6381171870963,8.76521804346256,9.55569205193733,12.3411854231487,8.27018330248322,8.83308549754728,8.84183850090296,10.1153094792231,12.6851786646762,9.95498857153499,8.57838226817134,12.0394046201702,10.2461837443081,7.6105161608209,12.1038511565374,10.6502880127398,11.6180830508234,7.44366720590425,8.26364599071674,7.87881081076696,10.8186883559604,9.94901896048917,13.391629017478,6.91618551239842,8.0113184593162,11.432848803419,9.06596514233862,8.68965872124203,11.2169180138018,9.91994073804202,12.241573406957,12.0108137582251,6.90805460657466,10.9401849572891,11.2341808443676,8.66165578339662,11.4199604623269,5.7217191834822,8.01642222488878,10.7945536617342,9.94540021863854,11.0654473056105
"18",10.7183048302101,9.72460996933686,11.1670552817799,10.6406196568193,11.7952331906746,10.6366375165336,8.16349591607612,6.25683160452785,13.3560731789736,11.2658503619934,12.1793677373798,8.5037283085801,11.3215349401703,12.4516897437956,11.14936452478,11.0108404627292,9.15988028756578,9.99557635085485,9.07682663170012,9.52257887234696,6.6852490368187,10.4389011999774,9.68019498542269,12.9352701746874,6.77700065389848,12.273610278516,13.0083720456111,14.0249081477397,8.64060999496798,10.7658149861605,14.2452382357048,11.8316768999524,8.94842198489866,10.7327670713913,11.1668664306254,11.5003902573513,11.1595546137936,9.72814114120276,9.07543224189846,9.09081332102894,9.00759262079323,10.7917565707319,7.61385787113302,11.5663101568979,10.0922735374282,5.9634039228311,10.5795085510647,6.37224173969683,6.37458683377761,11.185484271661,9.69379106431563,6.62555087553176,9.80010019525751,8.78262512808914,10.5870401157437,10.3235658186759,8.93363474626916,10.6936310592713,9.56024782751278,10.2324476361023,7.96828911798355,9.22716585301928,12.0837925818565,8.18017027634165,7.88157505925174,11.957894422331,12.5907981564074,10.6384310152995,10.9810285585626,8.00751567510879,7.94473450575449,5.25232909909332,13.2141100032867,10.0604983796675,7.22948677367947,13.3877850021841,7.67276405387104,8.43028611873427,11.7980697714543,6.91625338571127,8.69813081435674,9.93692969136283,10.465595472928,10.3222833635385,8.00757439978891,8.81500162153441,9.75387105682244,9.84025901592982,13.0346753501701,8.34270509173446,9.14495011390061,10.8980152456053,9.65429461032563,9.06715235438296,11.2322809770372,12.5321578215378,9.4599704737761,6.72915018170775,10.1509176792001,10.2001459906183
"19",8.2899105742878,11.9387156346963,7.44454971302204,8.82305822598036,10.2903874777555,10.1316032548071,4.03853751363664,10.7830102004382,9.95728455030703,13.1075259625564,8.07807420198245,7.4368528666681,9.74190395327348,12.8704991552705,15.4761502435102,9.08494721486258,8.79713793312439,11.2425951742199,10.5846211326616,9.70843684364554,6.352973484914,10.2831075140226,12.414849153883,10.2716682542903,10.8001868221372,11.8261838900901,7.2799706963032,7.34258793365644,7.9803652652834,8.51281387686437,10.5532592227786,11.2990829222312,5.67797930840231,12.2147688913368,10.3642529496985,8.94031617022866,7.97496987967573,10.4534543076968,11.671728476312,9.98835347363079,12.237835518022,6.90370192961027,10.2383419965205,6.71375304924802,8.20991038389839,11.2265186033276,11.19497937183,7.95663947719508,8.91499855193275,8.44111596596958,8.24782607895655,7.45374732140363,13.599420881036,11.4688695521929,9.79030238542684,14.3657181258511,12.7517608081215,10.2536195547097,7.66489184325625,12.5500069600479,11.4320796426026,9.5674242331576,11.0082531907135,10.2542995489963,11.0822371804785,11.34028582096,8.28444057921691,10.4936478838736,8.77221080985742,7.84031216759178,8.16224747300974,11.1248004565522,8.36708909343191,9.75294573898979,11.4170604037333,8.84466606773169,7.76498929934461,9.62564482098503,10.7553402765931,13.5992327558054,9.19401464736136,4.50459729979953,10.36130812274,13.2135912127598,7.02683399437326,10.0857364104807,11.1296143083504,11.5210128168587,13.4590911006276,9.02028625286496,7.12526299417205,9.05607148673586,10.6885938754281,9.19541651711146,12.6308141595553,9.85216262457369,12.6509602409344,7.27176633426477,7.13984076175578,12.4188824513337
"20",11.9636427075449,5.76385132315777,10.4050330782948,10.3315084681921,11.0710620927439,9.05010180529667,7.43374521233858,8.80829822881692,6.57635397458197,10.3782953200611,10.6999692010066,14.2252768346914,13.5122464396498,10.9126682152685,12.0246574764375,7.97023827814957,12.733711388291,11.3343931760198,8.84587698098435,8.08250322544415,10.0773107669439,10.8572352913126,10.2142091157356,10.3787368300228,7.61107902802738,9.56756119991656,13.8683076855314,9.90483583708461,8.38052017347998,9.76601573247689,11.8414114555042,10.1865231220211,11.4594783531012,11.8681869257764,10.3791466417345,8.08514392177532,4.14986318045478,9.50794496012929,5.90537592263916,11.0375933735362,9.64904305527078,9.10219875634598,8.50108570850105,6.15391903863795,8.57265823826359,10.641007183355,10.5495103891697,11.4361287004687,12.4164168084289,9.67749537392143,9.84072040044239,9.91423097852416,11.5675190008699,11.0507892023162,12.214407549667,8.79506888909264,6.79923689031949,11.4461219991787,11.6801744875201,12.3133724804625,7.04805235408753,13.5139013676623,11.7768355531161,11.1053166560013,11.8479529147968,12.2319313588289,10.8806452032352,8.44786686569403,10.7177936604299,9.57452782718301,10.1361273959793,9.84307904391513,12.4596887315909,10.615701288036,9.35525416240466,9.61300323458327,4.49982616051315,12.2370255171768,10.1812457235177,12.054717824358,7.50248198130923,8.14464373915704,9.71386417682328,12.2198087898175,9.28306438418286,11.1789323748894,7.13008237026088,12.857102032027,11.52886421521,7.73604784089175,9.2458249915073,12.1562181832124,12.7354271533464,10.1011704614135,6.63413667808727,7.96446551252471,10.7342959588066,9.63864589583802,7.47516940721255,9.91949857632684
"21",10.846830454332,9.61739439604424,7.89619833706606,9.97991137601194,9.64964830349765,12.3608341473008,9.5134802926963,8.93809773947241,11.0159409285092,8.75124279880707,11.0896809397659,7.86860952122155,7.07639611803124,11.9157984503001,9.25590732252606,8.46356320785275,11.3981898462403,10.7238969008981,8.89504797357036,9.63839486243247,10.1280762293655,10.8518966445384,12.1318245080454,10.1182716718214,11.1189105106201,11.3035065438057,9.68405114452835,8.43185039795632,9.85428619393286,9.64985724870822,9.89565060820822,6.66072626905759,8.73099679597268,9.7205131704821,11.5181108936339,8.77971488568644,6.07086912849419,14.5117974812026,9.90692940775896,10.110143302109,6.30563781670391,10.6284566678043,12.9777504000593,9.30853619869502,9.07022691975711,12.4102431105624,10.5518603695075,7.26341797611456,10.4249285068279,11.8380287730152,10.3666405426172,10.8649251969793,11.0330399280358,9.3364347229157,9.82532639747177,5.87247423492961,10.4527920295011,7.64520351983359,6.57761886026879,7.6303252061483,11.6843812016931,11.016595947477,10.1918659586194,10.6169097817381,11.6338063622148,9.47665450481021,8.72151129359876,9.51063351246255,11.6856402370051,13.3820966749712,9.70151795288998,9.97067606425241,8.05241234488104,9.01114009941091,11.1291628879393,5.7857693254334,9.9397862087066,6.02450317169404,7.0544833746004,7.74765119348668,11.0305258552167,11.9776176196553,10.9241471268005,12.6466762587665,8.34621116751223,9.83072217267017,9.74975574421601,7.72233760748848,13.4481719220654,10.6379641337818,10.6804288385006,11.3977630972542,12.1901268954679,7.60953128108921,10.9661912173129,12.1371695215264,13.9276912260321,14.3072559912904,10.7130977013533,10.4504377482093
"22",9.73614281455066,13.7015097825217,8.8971302707599,9.57817522169713,8.26828417925707,10.1279888791733,10.3816115744204,8.87065872618905,10.5765426750765,9.65024569213339,9.1250575024915,12.525673348109,9.68029734833869,10.7015248773435,11.2488882315591,9.28340901022114,9.55736471554621,12.0194652222238,8.24474941535041,9.23863565179689,10.7713566517485,12.1930826390863,10.1210374893447,13.3922407482117,10.2949516914017,13.3414775565996,7.61046670730457,9.40101497362693,10.2485606485216,11.6707818017847,9.71568428132606,9.85842897498662,10.0729109956457,10.1714458227972,11.1286734749356,11.9602225849615,9.25897974557778,10.2926358846951,10.7330557597824,10.2685537081726,10.1018896173967,10.426069903159,9.45727694077184,7.04193846872937,10.3173930132164,8.6189205912957,6.89556211908715,11.1077881064254,10.8454842490726,12.5951541531903,9.30430034077855,8.71113011514367,8.45468783347228,11.1804741910241,10.4019153491849,10.370118998682,10.085355258939,10.7069805313586,11.9654865780894,11.7042117977019,8.97702470278059,7.5523820233814,14.1240893204013,12.0598816166128,9.54146752173826,9.27321919929757,6.18024259270545,4.66822675288563,9.83012127469467,11.0374198749294,10.7156064649144,12.2837758327463,8.60147078514118,10.3513297518404,11.0670599636963,11.9609434287664,7.63201284094763,7.96815888698844,11.751085775148,8.21003875144994,7.57809279550089,5.75896313156082,14.2692326573668,10.9607886007747,9.11243657241301,8.18744825580218,9.45229478242538,11.9405287191434,10.1515555847715,10.419166229291,13.738365146007,7.89835245239113,11.1930428859695,9.02169005255478,9.56030183741125,12.2972074670868,10.6279445947036,10.9565266585758,9.94417134664802,11.9885084435322
"23",13.4352583429611,8.28148827743767,5.8372674247177,13.4213996999173,9.61489671146373,11.9320739776708,12.560926913683,10.1883538546504,10.1236007783472,8.67400692230712,12.0738111365473,11.6027639665472,9.60736331326793,11.1775409496831,8.76435804596461,8.9782669601855,9.26121887569731,8.00596342579943,9.66778844444869,9.08876464068346,9.81463413066496,9.83420458898628,10.4116715297843,7.60527603772667,8.12675079510753,11.0022390703986,10.6959512800288,12.9514948132391,12.99420172047,8.61050960656618,8.55857879778169,6.54724461169522,10.3535667380156,9.09403989247208,13.3218641346335,7.71928672003479,9.06739677256397,11.5036447732583,9.81062621561759,12.8563313622511,12.6477242239131,5.71050465255153,12.7821684447865,12.0592692633433,10.8243468444394,11.7401154487554,8.60166204791913,7.79331471190655,12.6379358669872,11.3958983734548,7.13402769572503,12.5196100808753,6.10792216922385,8.73777729463488,8.51834820196962,10.2694591328761,6.9150360262405,10.1683539012113,9.78931153741496,9.76895429513319,11.2684414596997,10.9770775640723,10.4376771392772,7.62716700797125,8.60271556959912,11.2960860725657,6.95509446599511,9.82111222046847,8.4787870684972,9.17948731238381,11.3494047684999,7.86636674301906,10.353343722064,10.8718281314205,10.9822570349927,12.8704729739864,10.9575705797112,7.79214651083656,11.2064009309066,7.562925718429,10.9882126728909,8.66188425508631,7.36721128810294,9.04695433436273,6.68421548121742,10.3215631636785,9.4799956901681,13.3496284835667,13.2756861375213,4.84262527128986,8.09695209313371,9.90843835825998,7.77185141228298,8.25554266747402,12.1683525024195,12.3836633882265,8.71143053190126,7.64963249734579,8.76970494176981,10.8471382056982
"24",8.406417869066,10.6690189316952,9.165701952384,10.5028448038215,12.0932875804811,9.66796470360193,10.4694122216263,11.4462548389226,11.9659952166509,7.59167437239847,10.8695038543144,8.72296519025353,12.8543227400503,5.70100654702794,13.0450347711863,12.0019755657708,10.0768428579689,11.6724106042467,10.8260683810486,9.64219087662608,11.0484363359424,13.2483760433288,11.270764037867,10.14348640132,5.18548660246597,8.68655370950677,10.4450675071113,13.3088064412348,6.14782599680307,8.93550359337656,12.9172040148138,10.9593358789713,5.46805539940442,11.2356790319444,12.7390700320442,8.18612271656069,9.59248423407104,14.7702414905264,7.0984440474503,11.0814187654657,10.7301920790874,7.43552744825519,9.80083562554655,11.9955822621294,9.80726223710124,15.4245521938379,8.31366150198482,7.23016982733128,11.4365940048849,3.65092441653914,12.8898011283833,8.30307572103831,10.6367815120043,10.6493761495246,8.92182923070293,9.01705552113827,11.353242339315,8.4545336421498,13.7479403542475,6.57495582791169,9.4573023829161,8.25550451492743,9.68350176747136,12.0476178085691,9.21247917954916,7.15943373177851,5.89664269523945,9.10764017629647,10.6159537641479,10.1762524383964,9.21483381740766,9.30635740616995,11.6061015660581,8.15011743725451,7.56765237487656,11.3720183952186,11.0548266218765,12.1806254395105,8.71212364659229,12.3766405301597,7.56756923777022,8.90231245159114,9.50620464089391,11.3013939964482,13.0412161387355,10.1369764471304,10.1888067353694,9.34659856372263,9.36724775708329,12.8960635607736,12.915168018883,9.22058315978791,11.735560411268,11.0217917426582,10.6013683950032,9.65786609012393,8.22571772632055,9.92657109652,11.8976174171397,11.4845675406168
"25",8.03368759690566,14.141982794982,12.8699171830506,12.4132618769373,9.98929414032035,7.9194105437028,9.63025606167191,12.9801649557203,13.3150783658468,11.8349359543459,12.1270810397942,8.29105744822697,4.98275923215414,9.78269986892526,4.16059132355965,8.03644966693959,12.7309218869228,10.0379133796157,8.86986161264514,9.31184032206032,9.74480289632135,9.30592619584962,10.8809174276613,9.77316613409149,11.0781669125849,9.14054115526041,9.62238527085966,9.79428217243463,11.4067888509673,10.1993160271914,9.6843108378232,7.77677812104043,9.49986347565473,10.2795092349225,7.11691348819787,11.7399438140948,11.7819927966271,10.2285310451829,7.75876554823752,9.68423433085513,6.80223638624591,10.4814655126774,9.33815280741741,9.59247808107195,11.2926095152605,8.43159972135935,12.0878040361343,11.1716006753919,12.3510789785306,8.26147503265446,10.0029621574072,10.9108795283371,10.627446168416,10.2339384604716,8.63556047511686,9.76849793867861,10.9640284919927,9.11330187647139,10.5306344850479,6.68373908726252,12.6278259049185,10.16745682988,8.56688959469784,8.50641227680756,13.6513954514492,10.059708757248,11.1583334210515,7.36599351613934,9.31886324764099,3.24195185634228,9.57508153757367,9.12255182770667,11.9051930939065,11.8099433409239,11.967056621188,7.65113569454438,10.3350546078848,7.83782383930103,11.9573226981088,11.8953067701257,11.9510589827555,10.4633787331564,12.228829206773,11.7150074210704,9.40530034836283,8.88788361951281,11.0474411072498,7.31181226571247,8.15182227430824,7.55554238674828,11.2538363553423,10.6901258553556,6.76666817714755,7.53553361247777,9.14213141739445,11.445082990684,9.67906923960061,3.96760455357512,12.8970222768432,14.3194798134137
"26",7.69870513981889,9.9110031971612,8.92849201073698,10.0218342756853,10.2681245383168,10.677612163171,8.52792754231961,12.9997777524305,8.49576681258518,10.4659691195581,8.75103543980714,7.0236405811504,6.84365357308189,12.8401091460022,10.8966699740668,8.44012578785761,8.30669324350604,9.38344493599162,9.5967329198311,9.82967495033806,10.8533558601817,7.39342045899053,12.9304173362218,9.93170779918838,9.89688363579499,10.0223253373407,7.50355492368833,9.89336690630259,8.84778434351736,8.02718690872179,8.27794252165676,10.5492972748268,10.4764552271263,7.62540188325465,11.2858531380474,9.93294376772868,7.57576453611903,7.17817608087391,8.32328031881096,11.1884939449664,8.8796070964398,8.95159538321294,10.8399491684763,7.49845990508469,10.1265382131094,10.3422124460136,12.8727847257515,7.09614100805389,9.45785142768122,9.53505434882346,10.2105547644972,5.03246165812171,5.04621085018049,9.36048509772492,9.18649805669399,13.2857265529224,11.5758693633097,11.3279389548933,12.2327463583114,10.8602644802357,8.88427711994796,11.0894167345616,8.48876498701718,9.35198005647495,12.325422420762,10.2237998795979,9.36986374843579,9.02872191296256,10.1235524518319,9.8494833097434,9.71121908649501,8.04660044745421,11.4163211412689,9.537818844988,8.98288814728421,10.7391741817454,10.6381912613193,7.77645497185819,12.9867554943998,6.63879284670363,9.84938351410013,10.4165771350578,10.4245510160407,12.3917700765828,13.8819899196728,8.90400022102993,12.726650466008,13.5911963219933,12.2742375897828,11.0642931671232,7.00523902529732,9.58836947677538,5.61504492474798,9.79713898929739,8.0390862889127,7.00660621639858,12.6211323234196,11.0791425425965,7.28974352747467,10.74068767358
"27",6.77688809308285,12.7661340153891,9.46971824642243,11.0878185191991,10.2058861667902,7.94167213240873,14.011564756156,7.10906936421746,7.60549320099639,9.84337328040189,8.18526844566666,10.501245926164,8.65469080847212,11.5528567981686,8.43344480801064,12.7449334098666,15.3543525661293,10.1261059116422,8.44316072309895,11.5367290798843,10.3216955703002,8.64388928948785,13.1869825159946,12.3546636107099,12.750606025055,10.208153822016,14.0490996421402,11.5158337010766,9.56624517361571,9.55585979762345,11.9061268456407,10.2379782534341,5.77986741620603,10.0026385872892,7.26249475752142,8.77482577838302,11.9142775268611,10.9286505930537,10.2846996985956,5.75565808769448,6.99451208150443,8.90821313522154,10.0328360226116,12.6385170513425,7.72959447786858,12.2570346722067,12.7997753903296,11.6485639957413,7.87249371346345,10.1631293751163,10.6297218008701,9.18802151106899,12.5989329102576,9.70273030737072,8.47483581417165,11.5853838382174,11.1856775373299,8.94985384718808,9.0035545487991,10.0651334501376,9.53913519888395,10.1595618854643,12.8473520715576,9.25462619318058,12.1906540332554,8.60888649677448,9.39378000626739,4.67314436453539,8.33059091633181,7.9359972609674,7.79611527363986,11.8587133103085,12.9086290479033,10.7681607872552,8.40763373054292,9.27220029018299,7.57113613835147,11.2297289635084,7.67023695560291,10.5179965654679,13.2133818627328,9.14047151770411,13.3419051267536,7.21547426813034,9.18691745939746,14.085562353957,11.1954911434197,7.20466674923816,5.75123408623939,6.46091115806079,12.805387978933,11.4237151401484,8.77308434699677,15.6080179201465,9.3691067031235,13.3649454823926,10.7749737823894,11.88749980362,16.3910928246011,8.50094989649628
"28",8.41221712457333,5.89976476127032,11.9990915584768,9.12888633984942,13.1917260285964,10.7730551253582,12.6597774013119,12.1127932483291,9.81597323757851,12.3905121110188,12.5109438952271,10.7236122743821,9.07191602065749,8.59698462536993,10.6265699735885,10.7917490004068,13.0791268585121,10.0860169761651,12.8360988107196,9.72196118469585,13.1144224316181,11.952879445629,5.02043808090705,7.19017062921652,11.5355911551511,11.5260599795881,7.50064419534637,11.48629635658,8.77953116502228,9.98982502779071,10.1162480903837,9.41870167074315,8.55381177183417,9.07622982868337,17.176447048088,5.47793680391877,11.3077934685158,10.4249603292324,14.72240739776,12.9713690503702,9.99498585476359,8.79737595251384,8.54552643226187,11.6700008681751,9.43035584413779,8.17800660913915,10.8375815769039,8.17311148706808,11.7801394905106,9.07072268448836,10.400759069679,10.1704176442517,7.58422040850364,11.5154172983266,10.3245228114125,10.5945853317099,9.54484839076322,14.1194710545772,7.25550057409446,8.66156486573752,9.45189788057504,9.98942806222855,7.94463475949186,12.0831544627709,5.6190896809609,12.4361069098728,6.13572171303523,8.33074561700354,13.2807284888159,8.74133021862257,13.2448701088652,12.8208835430757,10.223426745058,8.59189450839084,10.6069367576039,8.56881347042909,9.6426782052501,7.67031460495634,9.3669136965469,10.92752349344,14.159314732842,12.5253152791674,11.315493520064,11.4599008173938,10.2007913554071,12.6102819578582,8.48116352250429,10.7880588519122,12.3928728875726,8.33569677288066,7.98802034806073,11.4287663749773,10.7447718885289,7.03446834457269,10.133286822213,11.7734358933874,8.45108691991401,11.0782752629184,7.05731666804844,11.2250131179579
"29",14.3133315142795,10.7939835233623,10.9876671536244,10.5753222223977,7.09462512654059,7.09690347319488,8.04740313095528,11.3120995812889,9.90067855940711,16.4332445182632,8.63871346631513,10.1707799253704,10.1573572792859,13.0489859682131,11.4333499799115,7.88131878764504,7.85201156803552,13.5818588981148,12.1548259570554,9.41292769954413,10.9704739923143,10.1597330235,10.7752259792553,8.29927963141004,13.2216368067348,7.87620986355545,13.2318804298869,8.91478595956662,11.0826753061875,9.22265822422714,12.1676694566803,12.0598222957019,8.67971147068975,12.1060144279624,12.6765909847605,9.76208264074153,8.67897151192711,8.76199526266593,9.31909319165993,11.1161796854097,7.93934945824141,12.1052617846771,10.2009335744313,9.70398211864856,10.7768951037529,4.70993011329743,8.96665140207732,6.59029077082229,10.2958412807933,10.8699132234368,11.3400063750067,11.4698494003673,11.729823296319,10.3254143516112,7.41561353412904,10.6666466969383,11.8068684702285,4.69018616444698,10.2158296240654,12.4168959496268,9.62528808497697,10.6205263528488,10.7282146964214,11.0262651717888,11.9495407262222,9.68610827034693,8.7335163358494,12.8643333145991,7.89256225123837,11.0514941903686,11.6509515164924,11.5473455656068,7.87369643657763,9.30488669742344,11.1853492197862,11.4014938321209,9.96005132055023,11.2988614855216,11.3087764129461,8.43027713127671,8.19753215097031,10.1985299212177,10.2219684035456,12.87260050587,11.3465024471223,8.16844318789634,11.07797997308,4.5746256370452,8.41108392761114,12.9764184191226,11.3111802291808,6.65291201396454,7.65158807380793,12.1671353987849,8.82092449177911,8.58126162021633,10.1526198045719,9.76639660902103,8.81681186853866,12.0382796850399
"30",10.246117751975,13.8724395772346,9.86125600679331,13.5078224487647,13.9261030320912,9.99897322516147,12.7807518217131,9.99177305215889,9.20516711375319,8.98985243975883,9.93503361373245,11.1217442865865,8.83599839883183,12.0008854680912,6.37056802172634,7.64768599526817,12.071137867429,11.148189505928,7.81659626726789,7.10153925133949,11.2074495288607,8.00787738700863,8.29813850220029,8.01413194929133,7.41231411070085,11.1741349074781,12.352160894688,9.94738684526324,12.659656590103,9.45460878151464,11.6894237714934,8.27743332758012,10.5885650015297,12.9068082399151,7.82236503076389,13.7518006410328,9.12372942534204,10.953971913601,8.32963313670587,9.86877494835984,7.19019710371456,13.6507830311096,8.11070963251405,12.0544059490704,10.0992032500833,8.417276488295,13.7888290259471,10.1742144791967,10.3273955352315,9.14840722858547,9.12440528424362,7.36763332043586,8.28713416048103,10.5598174365861,7.70168294355807,9.27104408019972,12.2003173338698,7.9801271543171,8.86074714100432,12.0017692033895,14.0865916156979,10.4753001659348,10.3227864604659,8.42292392781558,12.12217760155,12.5779075750477,11.487278055083,10.6774581947526,8.90989121915501,12.0473923957296,9.61975343177403,8.35178789477134,10.3079419995088,8.49926607714211,11.5963063307026,6.59744669402914,12.7789591199885,9.83328571282208,9.17309862964056,10.1283793240823,10.4918485289772,9.73286977395145,5.02815716835969,13.5511188603555,9.80682842563162,8.74526834866299,7.91708608951188,8.18001635363024,8.6295220528735,7.89279570446692,10.7409759098125,10.9275860827118,9.35117284151147,11.4581237806268,13.4133442624454,15.6996395049063,7.53421500707872,9.74915241160304,9.45466995879292,9.76095569233313
"31",12.5098764153152,10.0472909416365,9.51245429298734,10.3744248281566,12.9663834303595,11.8684856036123,9.37675071381241,7.56148648036449,9.53655713038939,7.11659028331091,10.8753574017446,8.78409006872698,10.5480595782237,5.35082699389227,13.4470695065778,14.6840904849454,5.74788766204296,14.5013106361955,8.22930466682092,11.5828070802312,10.5938264653,9.25515409229137,8.28215148545994,8.52424222703537,11.9734708356451,10.6965159049705,11.1134216992159,13.8254790994056,9.38378805620708,8.8184393771926,9.08680897881411,12.531047463523,6.63645747414608,10.2314665692587,3.86620968240005,9.85692833416505,10.3602066535789,7.55700521131947,6.69465985359033,12.4019642900661,12.9027503389841,9.82856811127813,7.78966168908743,10.2935821212487,10.3260958148099,10.5768172782412,12.3086287215821,10.4167325057298,10.4885407676653,5.93158354603488,10.5037310728276,9.16081712666591,11.0721166486164,7.87583341253324,10.6240469134623,7.9396571689007,6.95946086372573,13.8579859169936,12.6236402851971,5.12297745642054,7.41196428727431,8.34951903044533,12.7795620476205,11.7558398974623,9.44040218350883,11.077829805195,13.3632568991049,10.0792417112496,7.96029576690938,10.1721155923685,11.8427971829172,13.9862118758948,8.69708330563558,13.2182521395839,9.77788534356312,12.2981803070971,10.9893061684367,9.66311371895857,9.18344166526132,9.76074609802625,10.1831236052775,8.9575885173557,6.08661054815748,8.24012872383101,11.1468452035244,13.1512046712118,12.2719949400162,8.3431488347416,9.49287106355567,10.9467358621959,9.71018388576737,10.0736082345367,7.9646847097016,6.42092926016359,9.37111951807986,11.3794719087868,10.3186956028888,13.1926953515204,10.7003104257142,12.0653101467328
"32",9.69060645612387,11.4166678155209,10.1888804108211,13.5220604052898,13.6272756822339,13.1310774918139,8.53835048853486,8.72574891188705,14.5240704449693,9.37217402771587,10.3317540126695,4.40049459974933,6.92965372745279,12.6670760784406,9.01858383188388,8.48116293083077,10.6619887961215,8.73252620002148,8.1274458699808,11.7174225699922,8.78621942926853,12.192504071418,13.7083927338546,8.1222502109764,7.36758330613136,10.4776011747308,11.6957344865757,10.7155502516038,13.2362403197782,12.4752853362436,6.76063277762498,12.1456881147452,10.495419221989,8.42299136538395,8.92042863648017,7.27366978253863,12.5437389712702,9.2075296693068,9.37640096171475,11.4178091674652,15.1193152405257,8.71314797905534,12.6377941758463,9.04681387137422,12.1774540828325,11.0956826361359,8.81274792958164,10.2570802057847,11.2169606504208,10.6541078677038,8.88170666999447,10.6966611638483,11.7589694314559,6.62089721506595,8.99940936481158,12.6574608753992,8.76887363214501,7.27405432882311,10.2680279395881,9.6392704205511,12.5514023006604,8.3828224853805,10.3250566090752,13.3190547422385,8.01193937659621,10.7012170297883,6.70024331880231,6.76451922010467,9.9313915869815,10.5049803774508,13.7553391843129,8.22342940328395,7.65143039339219,10.6525009720622,7.99637809726675,9.19934850195922,11.8445434128752,10.5087748702398,11.7976573802695,10.6325087052856,12.5446463561103,10.240505884775,9.38940202141012,9.38604961703854,10.3292214691851,11.4797020187039,9.74905865777397,6.68104018800753,9.18626736278252,8.20247211136278,10.0329738427626,10.2945117594217,12.9413390184889,12.4835703294633,9.59220519593615,9.02595260668084,9.29185896345144,9.58250285595195,10.4328746283763,8.58530575759991
"33",8.26389202490552,7.92151194615287,12.9101637903858,11.8876195548763,8.75155818919111,9.79705677021136,8.74272424260804,10.4539167626404,9.05395388015532,12.3360727326403,10.8549677863431,11.0645372288227,11.330870308997,8.90379153940065,8.26419796840815,7.3940343469378,10.1585981660663,10.3044130400225,10.0285702551092,9.13684562476414,8.26591202666705,11.1195198049921,7.21497162472158,11.2111390951894,9.04077612100057,10.5776694565693,10.8180022709701,12.2776548072452,14.5084351571814,8.8365137889986,6.42714740053139,9.28642181984321,9.41473851788119,9.46596254168978,9.93714215377078,12.364229392779,10.2319336668618,11.766044042881,12.0232199533487,11.290745364759,13.1592158521929,9.56642824961563,9.86090000434638,7.31442950460885,10.3264043767602,11.8712387550724,8.76521505024281,9.11966887622891,10.4132298351773,12.5161597339393,7.40855407981745,8.05330003460702,10.0970254981155,11.4131721377155,9.27953605265476,8.20898973139434,10.1438613518838,9.13126685071539,8.4207954539268,9.5275188471114,10.1478301420844,9.41118764043056,9.98839679255751,7.88019172518619,10.8245640679823,11.3248261347501,11.2872003837396,8.83593499265759,10.2613487770954,5.75271892064311,10.6947371372489,11.0523993904593,11.4960205969178,6.15780581414685,8.25858352100857,13.848392862451,14.8335290837845,9.97235372007866,9.46030513058823,9.94165278416964,8.13780832954943,12.5284706220332,13.6995097203977,9.0487423078435,12.033921493597,8.04661609076954,12.2173488261478,7.70993202256936,11.0771787305947,9.722993362514,10.208617378473,12.3240773097148,11.604152314931,14.6313362498414,11.4770714737318,8.05911841827128,9.23639863878095,9.43439615104541,9.0276195039133,13.8307781265553
"34",10.0994620316139,13.2989290668886,11.6261536946361,11.3989416916748,12.3129958786525,13.7152528307598,10.4089661066709,11.5287161905746,12.660282660768,10.6102005026068,10.4492821345122,11.4360058451437,12.2674970981303,10.6723652702743,9.45938702170104,10.050912446226,8.53563543627006,13.0188661928477,11.7727782874074,11.3544639944682,6.24614689204522,8.92930851785626,7.68200144680125,11.1303629640185,12.0798029181035,11.8985748528182,9.20699683593619,11.7910708603702,10.741133015587,10.9003671888981,12.2823664033131,9.8005556105835,10.346525058292,8.25972817274337,8.82478963291429,13.2618031559538,12.0621873563654,11.9591864608973,8.99167685179946,11.028714185043,8.9455825908134,3.46384076322659,10.8813311207853,10.8662705337995,9.9794019384441,12.4440234354901,13.9792576030533,8.32861798445623,11.2461682196648,12.7663075939673,15.0187994068371,9.4487370828828,9.19865286020111,10.2514199721492,8.23351927583772,8.64348554927525,9.69022076225278,6.95407533706785,9.49973247126062,7.04112226036348,9.98799511946132,8.886284007757,18.4798418083866,8.81819885910521,11.7514532209776,12.5195365536202,8.77692604846255,12.4086813027727,10.0212644179319,10.2140430769303,11.8944298486775,10.8400233540258,10.5149755128901,8.2831651126768,8.18063607499631,9.02253804572816,10.4099602541628,13.1635941810906,9.42815869515285,10.1381579601606,7.52833439034236,8.67310334485375,10.2734367321698,9.04875435077033,8.28572015823217,13.4481781691248,8.50687659323746,15.0230443799135,11.1210022352779,10.6826123697727,10.6427312417283,12.4733496247149,12.8525553725387,9.67003277253173,5.52753743590671,11.0832233985967,12.4606176650997,8.67365426820218,11.1374497857928,9.70266080292939
"35",11.7371206266518,9.24018308745457,10.8926700311486,13.3816620394884,10.5146388153886,12.574950983587,8.4994913724169,10.8799013923706,9.66850243610479,6.80698466909835,11.8270784490378,9.40213549369059,8.43874036039517,10.1632776498506,7.39400415354334,14.0662813467571,10.979905177496,8.91283325797069,8.00992919297939,6.92781701183159,11.5324408870774,6.63138384138756,10.9350134990873,8.53864714659084,5.97642804827922,9.04959564268639,8.16154527302548,8.69666425768162,9.60256726294199,9.64446394070124,8.75157463296089,9.53364054011242,7.30193515145293,9.57674644765333,8.79630496145604,11.7774271040462,10.145361654282,6.60866857449843,12.3924915136462,9.49856104566877,8.72327471505786,8.45346178999511,12.8143300573774,10.4127285614441,8.64185050091035,8.52840749219821,7.77922673410666,10.8161287391596,11.1623417966918,7.2608833093459,9.22603741359999,9.45855652572036,9.58006933663969,11.0212955413756,9.05806326420561,10.030738150641,8.92150971952723,13.6105561694714,9.93396962831898,9.504471725565,8.32254907477659,8.90763077164073,13.5198242805138,9.67596577719333,12.0948402969427,10.1538449837165,9.41886785244313,14.2671074896903,9.82290701253835,11.4387986382985,12.9237133703644,8.24532508460472,9.44153188813694,7.30289820364407,11.724740372682,10.8464574140429,5.53824075228432,7.02380466967187,10.6980175134817,9.15921263334626,10.7640909233719,6.87548424743477,7.06365458390675,9.24451605264336,10.3236835735399,11.2250072604482,12.5073749820265,9.09855363770679,9.44799868145198,13.7755560373147,11.3700968478715,6.83095104114074,9.25266055070999,12.7025659474662,10.9192000813874,9.60442124641879,12.1999020666915,13.1787434020692,12.6366737721672,10.290179983454
"36",7.79504697556801,11.2052561971011,10.6281299062916,11.2221928399571,9.3942841505129,11.0418273389975,10.737421474923,7.83090524477053,9.3025280892324,8.86935409831714,8.86514006882856,15.3374377430274,9.47985208903663,11.1475218753884,7.33057247678385,8.88573552707995,11.2868903184628,12.5205652544772,10.2738610037759,9.65016484252419,8.64568187237094,10.5753286196645,9.17350956213083,10.8934778663832,7.50149044548627,9.65666344692681,6.77841910591293,11.5117125494181,8.17470495372467,11.8532418334127,10.5689762140887,8.59827504644224,9.69360598196607,7.74639074374981,9.19648144641347,10.8198866749866,12.0838271856964,8.11077444173253,8.71820545252437,6.17926084280456,9.49334147612707,9.65803751086447,9.41367876479805,7.46677598708728,9.45980691163701,12.4601019903823,8.81945938938893,7.42059526867037,5.2315574891125,9.16435616747972,7.91379664865544,9.15552860392266,9.54903564223308,4.83378527624875,10.2192525809012,11.3369180152397,6.32672147447291,10.191815414151,8.92196848898612,11.1653564244458,8.79442656172114,11.9744464282733,10.580859178381,10.7981095242036,9.87952496606716,12.3503686225048,8.26106585855629,7.46421739280901,9.87313616849479,10.3210978509408,10.8588153353495,9.18161109605549,8.29489225791711,8.77147202754517,10.0225353305905,10.5510502432068,8.66237617075339,6.89886052583171,12.2015459292599,15.2084148853987,7.1117065208069,8.77138886833947,5.652386832972,7.15661528192024,7.31966803996057,11.5936263365922,8.45922184082797,9.91571880290515,10.5886683564235,11.7312484630262,7.97753301618044,11.12476104213,13.8602492264824,11.9551933944461,8.1387018581836,8.67118400499643,9.21459708822022,10.8144328798028,8.65286590476492,7.43232939694672
"37",11.5025703416196,14.6231090247754,6.86733791032236,9.26545409101273,10.6541606076361,8.0763078619385,11.0606111411393,6.14754723898129,10.2214597008916,10.2625184671052,11.6930416982575,11.8523195235698,8.30067063640256,13.2490857502904,11.7971218934158,6.75939405994705,10.6635635774734,12.715641888053,12.1773213136896,10.3747828496272,9.67552747169328,10.2119459611671,6.16402988477642,10.3652096174158,11.0502238453633,11.2232879510128,12.6301431914011,10.5215581019594,8.50554939827304,10.799046174026,13.0131794495743,13.526696941817,8.52008310007701,13.9432905273979,11.8618442284941,7.86452648080062,6.75003836284541,8.88828401715464,14.1076194857967,8.14412635582245,7.91998219800539,7.90958860211505,10.3310097807596,11.3099950762693,10.9320861382207,7.54318116170069,10.0223009673608,7.21813176553493,10.5928385929103,8.916684524199,9.36635421409626,7.64898405402316,13.218069422895,12.4454469632355,7.66576244595434,8.23399758237536,10.0797820301097,9.05216387631425,8.48363309114245,8.75620202146499,10.3918022440996,10.1273727479845,12.5435240726103,9.48335609547655,10.3070642440744,8.33612093141994,11.0151069862688,10.4733407768141,8.50290907094348,10.5823504127309,7.13214072028574,10.4427478554302,9.40597616081196,14.1385828511086,8.9714527815519,10.9470246712386,10.6229762229878,4.60405936420836,8.79646173121523,11.6658848746472,9.4616864190783,12.2623991620817,5.50979866624092,12.5841957984895,9.39600267100852,9.37177187371683,7.93037784362114,10.8809850474808,10.868361039928,8.20104084919276,10.1048283790502,11.0250299457934,11.0520575366766,8.93690172305216,10.1981572203786,8.09939716173444,11.0666722341913,9.32304163931357,8.53189138148549,10.8445780547541
"38",9.5745861516387,7.95911074858762,12.708356933818,9.81201025370052,10.5949585696943,13.9618809743451,8.94678133402829,8.35856092038415,7.08371530830339,10.2715416308688,8.62044656290199,8.62229879505463,13.1025727293183,12.4543394928641,9.45880746273738,6.88321348489489,10.6809421093675,8.98566659366358,10.58509455714,7.47725882166833,12.2806016400971,10.6353336416953,11.465417008062,11.4748256027955,8.66519499454969,14.346460486719,10.3133070273664,12.2174834828694,10.9444341536212,7.87670411521006,9.42802687204597,12.2077319331489,9.42452814302081,10.2490088704666,10.5358460842369,8.63314324632329,9.17035613962984,7.49408888336013,4.9307219892809,10.5137214159157,8.77828157527521,9.9948576103864,10.445793868925,7.44813522296301,9.90234786876454,7.95521684876573,10.6130973178567,10.1472378962853,9.90630756246939,7.88480166557231,12.134947885268,14.6407016769712,10.028033998346,13.0425715017062,12.5655406429377,7.88748362809794,9.788561554218,7.72589241273699,8.68067780713086,7.3365856839079,7.75867747526005,10.161385116101,9.43288102512262,10.4693413688709,7.89890813519415,7.03183872369406,8.8297982879535,10.2316695534128,7.60312871141724,8.19040340572101,10.0207937740715,7.99834108677597,13.8135361178329,9.12157868867681,10.5711654815991,11.9046032837532,11.0265990931682,7.47135649171983,10.3709947700135,11.6840907333704,10.9929961025401,8.41718792415177,9.60594077532097,7.25923122744103,8.82861860818658,8.8377141128325,11.7912356065969,9.73292554423542,11.0290386826565,8.73178399354584,11.2069519083775,10.5023621837574,9.35078612196043,10.4565419326026,13.8377435829012,11.3358781050616,9.38319552068794,7.96045340578044,8.1377205527122,7.6885901944611
"39",10.6356907931779,6.32208777305401,10.8383802095301,9.42976341164578,10.6907098479821,10.9568913874767,8.52542853495315,7.13139591201274,13.3163473055065,10.3163466380106,9.36117906349354,8.07048759212459,12.2401611209745,8.20814123737863,7.94547017252743,11.422108331272,11.3486748203319,14.6714642779768,9.85007257404551,10.4689578056254,8.21232639587298,8.7351402274931,11.615687537028,7.20686032328588,8.97125704805675,10.5709342223461,11.0617230806623,11.688910883053,11.8936169398732,11.0201569111399,8.45425388091211,12.9703770961119,10.0109948325538,12.2941474890657,11.3898601288937,12.8350898397611,9.58862057050513,11.5309800569574,9.0220155266269,9.45087740463399,9.02515625692395,8.31428489708024,13.1260266373411,10.3676289604844,10.6894407955575,8.97414890079141,10.1675699641065,11.6059208384592,7.16227024277764,10.1626444520901,6.95127502925655,8.76278910542156,8.84883244378664,11.5564671566741,10.8773721048617,6.47776528155658,13.409758476205,7.84094303687316,12.1623932366941,12.3946717706768,11.6902110497486,8.06587428532638,8.01489613429204,7.89204682362599,8.63108568608796,8.38313675042648,8.76478018463346,9.5494741883445,11.6872861122956,10.6956269901188,9.4858220247991,8.01256008405869,12.1294535999341,7.24273082046196,6.50593303850228,10.0546212999261,8.57806821955572,6.04365633844465,9.80952396890537,10.4722548560122,8.98306178743728,11.3274928311585,11.305804387932,6.74247247707826,14.3224268904088,8.73342432203775,9.48607216584636,9.44191811499908,12.6473472159361,9.16889998098074,12.4879214512023,10.1913548488992,8.89775509003565,10.3440822393849,11.4120549397008,8.82277025543909,8.35285525190284,11.0207646359011,11.2061590221181,9.93301591563965
"40",11.3097177311007,8.20433493745138,11.1472326304076,14.4380510606091,11.0090844254243,9.7923863348769,11.8202723133258,11.2395327982175,7.57525530543514,10.7252386513492,10.9433634054341,11.7043856902089,12.8187412281537,6.27741935941698,13.1123725110487,13.1572346913553,12.7429072167068,8.54287874784813,11.6666479666943,8.96547173315331,10.267145165921,11.647156917755,8.95028958118457,8.51005502248963,11.2357720493343,11.9469092899622,10.1963087020779,8.02325582422488,9.90100634516397,11.2320377405275,11.5743906718076,7.34169801260895,9.07146538239981,13.505688286857,8.57054517899309,11.2766478521228,10.0830631372344,8.60378737263565,9.4718774882249,8.0105409090658,10.2561958397734,11.8145444243754,9.66960747093422,9.13034492821202,9.97970923988355,8.00150369496273,9.28289179580249,7.36489078303529,12.1102442308084,11.4480414724049,10.8124527700439,6.37641767437233,8.28980207273225,14.5580158216164,8.00886479147713,10.6027804984743,8.88050799808386,9.98931801623667,10.8199988766685,9.16679009982561,13.121053211303,10.8031700121968,8.96783445809603,12.3875012255349,11.1867291935739,11.9005330112714,16.9465858653917,12.4260421661357,6.02208079421105,10.5936402188342,11.6004645776913,10.4755690270867,7.6987976443711,11.521946497071,12.1663182591495,5.8968828848395,12.8686537989854,9.26274737009422,6.48854116085167,10.2569776748111,11.990792080972,12.0412746720884,12.8099945696008,9.45910968442004,9.76988744834836,8.57271336734808,6.93993695340145,8.87887668270136,9.43155901618849,8.44739184308282,8.58812433542478,9.82065607587372,8.18146932684421,9.64283363034563,12.6469431410147,9.91646567253998,10.4678076455892,8.00547817025415,9.16443571553215,8.002700617283
"41",11.2497813638781,8.59282485091678,13.1654905870682,12.3024623070672,8.51572918480331,6.16113011808571,14.1355113520354,8.68632254213935,7.22406522674088,10.9827923807933,10.2709050586465,10.2447558530424,10.3261944842562,6.60063087532481,13.7435309460923,7.18206022073147,10.146161679218,12.0892698472153,8.16652532417936,10.7677751637491,8.88385599797877,10.3701660857736,12.2441835087048,10.7686566399145,8.63580900331899,8.98486865036506,8.90598539680211,9.36231562711606,10.5161457624458,9.35126493361852,14.0198052308745,11.1505104110551,13.8546603003843,10.2330615562643,12.2576681269088,11.3641066664915,12.5060328697929,11.0285836819958,10.4620216680693,6.29069880329747,8.1541595894926,8.53849831312874,6.62588500777213,9.16874528686174,9.11921098061063,9.73187142461852,8.63484039779905,9.27444083468034,8.5655394276861,11.4688020959483,10.2862355861049,5.75715595556336,10.0387551179006,5.94844997781935,10.7959076068699,10.1177393481013,11.660573165641,9.52919849344367,9.09706415809183,12.3302919503945,9.9577602418198,11.758843724521,12.4504761566541,13.7751326829769,13.1656613936196,12.0318718539492,10.2833969393229,9.504594230368,11.0693400204529,6.41752840184357,7.93887181548524,11.1047793850763,8.04437029285343,10.7397511383321,14.4159878981962,8.45609443176755,9.07640345351103,9.46544164981446,9.48916551323351,9.58770238342112,11.2569558802774,13.5190868228385,9.38326799702962,11.149703491356,8.88091537170145,7.73339670466126,8.09764152166152,10.6615376020431,9.95588278958579,9.49747404984484,8.63982056017704,11.5382191362697,10.8979513938402,11.0624049482517,11.8376342179565,9.58531655021839,13.2982485245319,7.73011602203527,9.92750553835073,7.9622091289157
"42",9.79705139408733,10.3051607803179,11.381238687139,7.13112814163502,6.43458298582136,9.04974569238483,9.8579934841547,9.94757016265033,9.12800655006401,11.4317123947366,12.7725204440819,7.93647560785796,6.29370645617649,10.2554393782555,10.0501404618302,7.33585312988069,8.07882805981202,5.70463451589498,10.8943103234435,7.66388022532961,10.8080926099995,11.3635477937281,13.0854684315406,7.72428521275121,9.32885693270221,7.31305984044675,9.09017764360795,10.8292136257148,14.4342878763556,8.14132966124838,11.5642447943077,8.78033333907588,13.7380197064726,12.6989975689724,10.8859997034016,11.9285563233499,8.73388698450554,11.6238175456882,9.32121473560624,10.4851050236921,10.2402610066328,14.1919811164722,10.9092627521885,8.76914282814355,10.0711110000923,8.89574974549739,4.6938427305456,8.86813349125917,9.97383532607336,14.336403876035,8.86217757197178,13.6069368013513,7.65910896334537,8.11442121000891,11.2089898249521,10.817043608291,10.6219244357263,6.22590527717623,7.60504507223735,10.3466018802375,7.49850368888104,11.8704681679409,8.49053924020778,8.50408289883822,10.1281028923453,11.2127898422583,10.3714408393241,10.7945990362057,12.2294875664244,10.5808929504093,5.5552672870965,10.6951852221803,8.27317863145537,12.6988944617606,8.76207051390371,6.03844398129234,11.1439804202939,8.97447400091601,8.97182402307719,11.162479097904,12.4110915464061,10.6232179589861,12.0896950211123,11.727437503421,11.6864241514141,13.6910357873806,7.63173550622406,10.9391668919834,9.87968829789646,9.06852966799274,12.3929514151692,10.3304725090769,6.07026572212555,9.16025044236864,7.58366688761694,12.0171997615898,9.92015032554654,9.42431862047349,8.76107177578541,8.12894855588296
"43",14.2999410017711,12.5556275251448,11.9968949382142,9.61899623941211,12.3899843780453,12.4418374219329,12.7608050837908,7.57305544251909,9.0608235048531,9.58451178503594,7.65779837019726,10.852035025567,11.4438362741771,14.9796108401575,7.3979123756383,11.2412919227146,9.8738503305995,9.60656441120645,9.81649240202065,12.753123942706,11.4044781368729,8.11768844594083,12.5778425360845,7.71205322796048,9.6247143272942,8.45852041671174,14.1654176730727,9.1571528740124,9.7989181889558,9.70045488527312,10.6112152236646,10.8423101065242,7.3099385447471,10.357933129267,13.2981761730182,10.254022262175,9.14252878091588,9.30662968195864,10.8604956641222,8.89943083519365,10.6393691176755,6.11122448074188,7.39450413202965,7.27839114466591,7.54500747910478,11.0979997169179,11.754019085879,11.6827556522597,10.0357333388869,13.1878564919948,10.507236899805,8.79625434578419,10.3933542770836,11.7454179202487,13.1572353165184,6.68287830387096,9.53097415065591,7.76269834718109,9.4231702656551,9.14837811563516,8.74933419184788,9.70872785643432,9.93398186585613,8.23103572299223,10.4540901174167,9.95725962018706,10.3382047750416,9.34701258020699,8.7335467997019,10.4516990610568,13.6260526026511,9.50076336759546,6.74539062046972,7.23780362088007,10.1530791488895,8.19785251790289,8.94253937805431,10.6737359996519,13.6701482239463,11.6847864772088,14.6457713696901,12.1725166411526,11.8554356030564,11.2294770660017,9.7731360613418,8.25970137232515,9.10257353328156,11.6090467938052,11.2884980257252,8.96060967692973,8.70701529356623,9.58822221229084,10.2113679880967,9.00142215693771,11.0447134544095,12.6101468848253,11.7317470481806,5.91376338294307,11.239421299128,11.0685812430282
"44",6.44309880695666,9.98781402634017,8.56253361180138,11.9182772638082,6.8397048245609,11.6067925989683,6.57452115530947,10.2485076453692,11.9081806499497,9.77607279380834,11.7284934733779,10.555686262497,10.704037798394,6.45422173073395,7.40725754385255,8.81673188365565,11.2533537173601,10.4462993096671,12.5213099308148,10.9147247364172,6.60621050600896,8.06865101570956,9.78785685500492,14.2151566628565,13.2441063780436,10.7439016931641,11.4282407685759,11.0603397997633,12.5783133403015,9.95067529561172,13.4070860472499,9.54796881775504,11.116847201951,9.86129976463621,9.36697965828307,9.8592172472061,10.6364651926022,10.3366607015225,10.9959770612384,9.40361882310425,7.0539097605416,9.00151385579269,10.7892828516617,8.6596153878327,8.47298099799868,12.1643910988444,9.34585200631764,11.8711540471524,7.9004222952883,8.74358961982424,10.5536711340319,9.51989816131642,12.4983335853619,11.1952416134883,13.3650594530927,12.8151670562235,11.9368586727044,10.1792160620827,10.6779760915446,9.87523950139372,8.22490321096638,9.43715391566376,9.26304369788089,8.70009566516855,9.77597043526446,5.04219590228851,11.3157926449968,9.96488049869999,12.98528757234,10.5880028930293,8.82395006697389,12.5039897355103,5.69588619509998,10.5759288811353,8.72665896874826,12.0939697622476,9.50510636156045,14.1517231987571,13.0733527827656,8.92150834225929,10.9398116717397,9.21382845623658,10.0275927266818,7.34732533572143,7.14694980356531,4.8832216229412,9.53434941580968,9.38562844467877,10.759656194242,10.1047048353386,8.8651277189039,10.7600625067397,6.57279231695557,11.0411603792725,9.11335354755596,7.48617474368136,7.9552428804669,11.8058252542741,9.37594847454657,12.4321665453858
"45",12.1765708492221,10.5938270027617,8.5441014587286,12.6285541248204,6.34884973586667,6.56116976482805,9.01677475536607,8.31750037151521,12.2292980102193,11.5656267371662,10.7373757186161,10.0439937516533,9.87118221280323,9.54601518232714,10.0550080224046,12.0984469607579,8.46321237616108,10.0427203896886,11.9777539476217,8.42474168455681,8.11846734369121,11.770453205039,7.27357141418339,9.64290419237156,9.34505585879216,6.11511075132316,9.76425672755044,10.8908803607721,8.37556524644358,13.0627779438617,12.782432947271,10.1729323935782,13.9437146361977,6.62303231432949,8.40609683160377,9.6057061256341,9.51683924147478,9.77298866514803,8.70038853848417,12.1681796438111,9.91956345579194,11.3388372722378,8.07639121904521,11.5297838228048,12.1768478621114,10.9662103844391,9.70058735536401,10.1921537448804,7.08803521827697,9.20681497961441,9.15323818185585,6.57637002723063,9.71315121914485,10.0505158651605,11.6899048742579,9.9725934132847,9.88649847470542,10.4328981196623,12.3036093711665,11.3147811720816,7.52895673312807,10.3249306477411,10.6531386442398,9.60794220884016,11.4037121480511,12.7402047727746,6.35977955078845,11.7013929682988,11.8785612449914,6.54206094368258,12.7566485373579,11.7485370745306,10.7084988533326,11.4212268565614,10.0795837396664,11.4500700132938,8.87408229895256,11.4870023810458,7.22858028210678,9.89232526484642,7.42456800534927,11.9773845691923,10.1927228029675,14.4709056803439,11.1116138997194,9.66605834734278,11.4514441148238,11.8988740232581,10.8389429160141,10.2028514242186,11.8287705135784,11.7230039907878,8.75780479215299,11.8601854927467,12.6240519039377,9.71963545822267,9.38737332623154,5.61363593730738,7.43706423234612,10.3245027325278
"46",7.63289475489431,11.1365961771472,12.2576236816326,11.204290300412,10.8433319522598,10.1108993136434,9.33334188726907,9.20698730698227,8.57838589767981,7.94712155918084,10.0854600684925,11.6651648480468,8.34178154691952,8.76997286285956,11.4176152097038,10.7987258238646,10.7653183600584,9.87066010132899,11.2289792382487,11.3157828853914,9.99283049468784,11.6672622898704,10.9850929419043,7.3227561780799,9.77845579145164,11.2821013445392,10.2206606417342,7.11990462729484,9.24211492086923,8.96240935512069,10.3748019406884,8.44504035796836,9.55057446676896,11.2639483164335,9.82979124813719,11.4504609120398,7.50427994803805,8.66726861327822,6.89682939593991,12.511441972897,7.73430424834348,11.0277036404005,9.27606168018397,11.3568192697747,11.2610352633506,12.6140583430059,11.7304137442908,12.4382322156583,11.3425140289299,13.2528779692655,7.56266956837936,8.01403191520742,11.6862460331785,9.48131895925725,9.9668386629946,9.4583085654325,9.83723364397818,5.83870477901261,10.8285773041271,7.3361175903965,8.87546870272834,7.17477785139898,10.3646260399684,10.5950388338167,12.019675010531,11.3656739209061,9.96934587114853,8.14435716795289,5.91325891652053,11.1143315012121,10.5940507496025,13.0998427659424,9.49985465059341,11.5442285077505,9.08103040374007,10.4071808966698,11.6106404295084,10.480061903947,9.66149490428732,7.28639500037418,12.6908199891712,11.0281495366474,10.9030909502619,12.0622511635634,12.261040187973,9.75634521093792,9.73809377297614,10.8376756645098,11.3547327017623,8.0017836547647,11.283003254359,12.5853867384435,13.1321157391694,8.84030441397102,10.7886861800504,8.86449250435641,10.1294664020669,11.4394704136951,8.35271667919825,9.68921822828353
"47",10.6054093389068,10.4547047769635,10.2987717921995,12.4248891925616,9.7748884955634,9.39615228119716,9.22442948229038,9.20832537991648,14.9412562326057,11.8767521137894,9.93477432797388,8.2945152784763,9.55282915058991,10.1781645315276,9.14750860459758,10.9811636939417,9.77270139702803,9.59314133719,9.98292092968196,7.804668305518,11.3196153513313,11.0464356760976,8.38829379278402,12.1450765436984,9.06426217228364,11.2514569252742,9.92608354597419,8.72978204395477,10.618133670762,7.66552637903082,7.72245943785394,13.6366859272213,14.8921489994853,9.31001364210772,11.8500638641431,6.08700439696135,6.62438149706869,7.01997712861156,8.05259015394039,10.2392698533697,10.7425937091984,8.28533928677959,9.17262591491706,9.40420998683484,9.36486567478822,10.5077543882926,11.4885789725028,10.4547075565662,7.87032351276536,10.2578132861354,7.02698842289922,9.69806199497701,7.64936484125418,12.820194235583,9.03045391659742,8.95828368560733,7.08888004347195,7.78204788570633,7.60075156017963,8.10319355155413,6.44182138886675,8.92469535719406,7.19049907088341,8.95172501817533,12.2521835404629,11.6693786197573,9.67312192407247,9.80054990373172,6.37029207997087,7.73870788901825,8.29790806207162,8.61464052661731,7.03024787000998,12.570163538627,10.1084765352233,10.4530753805078,10.569312678221,13.9020998831862,10.834671450816,8.10991021958018,12.5641859856729,7.25826616323322,7.57104992151986,8.94832918958019,12.0928399064466,8.40748132873246,8.29617268694659,9.50292024410219,12.4722157696183,9.2440623673946,9.84368420516875,10.5579230085913,10.3632358306599,7.98475069406487,9.7548279478435,8.58762179145696,7.91052377656168,11.9837732182947,10.3519868106784,11.0007611544876
"48",11.6499741064063,7.92823284906927,8.61133350060438,12.0444198340055,8.24968023328755,7.99170290867327,7.77021257735068,10.3550393144703,7.98767248241705,12.9643424783878,9.36662915086014,10.6403055652364,12.5090802553068,11.7808854338375,6.1062905989226,8.51356625736671,16.2770286493637,10.9811351296353,8.58407242979542,13.9642825806829,8.0742188454704,6.93016365189347,7.85881826337857,7.99963466633554,8.75454625576182,9.57339106247022,10.190885869854,8.61126901910469,11.817659861963,10.1942294573626,11.5097955616917,11.0196268802048,11.9123312072493,9.71046556633294,8.81693599366512,10.6891338645083,12.2557040200823,10.5168199074189,9.47920460067145,13.4940547628087,12.4430150546494,6.01789039458219,9.11732074125083,14.6232530601654,9.22379595066186,9.7432562880262,6.75653543010523,10.0462560240055,6.52085506566287,10.3605296320242,8.68100036573977,10.3484146669394,10.9408810274268,11.5793602663181,9.26236859623684,13.1318923162348,8.85594953145666,12.7451529033214,7.00701987435048,9.64472966960995,9.83029089772285,12.4571620683509,10.4116079306736,8.13092809706155,8.59408908207032,10.7474825850265,9.80736444865098,10.0571078840932,12.4203842940282,11.0126929398391,8.0239462604186,6.56186381043048,8.88377609009251,6.49280766650396,9.65519358276769,7.38503442983405,11.755253944343,10.0302911412654,10.2326004429965,13.601832362441,10.0235925516023,8.40342312642271,10.7217973810065,8.06647530318599,9.11925177995631,13.1863587969482,10.6180236738342,6.39215051764253,9.10194055951892,10.3646559985959,12.5150107847927,11.4799731315048,9.72778091871285,7.16603000228281,11.2926378740562,11.0745721930586,12.8494315070424,10.0790086419699,10.1068693798636,9.46307187920567
"49",13.1926521062566,10.0977133651756,11.5115422483847,9.84315061964864,8.66060609073064,8.04637991023743,9.59518304084401,11.4378628471274,10.3100226732572,11.579661156381,6.54204047959008,8.48965269722506,7.50466172441976,10.1414463485783,8.98378712141102,10.7870341632691,12.6988359435816,11.9249001242882,9.10068445950802,9.02651963709465,8.50949921325022,12.2368830032782,10.5856137811028,9.8925618058628,10.5949585305867,8.08499432454503,11.7570303393735,8.26673476777748,9.34597409760001,7.72474770155065,8.77330980291724,9.34446139743069,8.03431805247304,11.3813920428757,12.378290413697,8.51473865745713,12.5143738342634,10.746713207338,9.89058837347634,5.38948472446564,8.36206369496605,11.3445997886011,7.53385473353839,11.4009490665542,10.9255035652983,14.8399888746269,10.1454222729449,10.0115185391914,9.80158527520821,9.36183726484605,13.096858955482,9.9546638896995,10.3333944822733,10.3364856878034,8.40545104397525,8.35449082009787,6.13770975112036,9.39182231396185,8.85353725107941,8.36738670197683,9.96308476711929,11.4559526225053,10.137408955186,9.57148462054162,11.7343315926382,6.54669119318663,12.310788775149,8.54558098902145,8.93635600826752,6.83417270845378,8.59791857151167,10.2993456584467,9.02774256240444,10.5111142741702,12.2010666803259,11.805739923028,6.24976588069929,8.61705441396968,8.54910199451701,10.2473300888221,6.96145121915065,7.08151413123271,11.5966668824617,10.7856200457072,8.41622471430262,14.3752098046494,12.6733016287388,10.433450135816,9.4371125808089,12.4009032477311,10.3417901397407,10.5270562852934,11.9690264216434,12.9781822329657,8.79616490739169,12.2868355292299,10.453460568137,9.1770262062639,9.56927004053464,13.3659544854078
"50",7.07221285052306,8.98700170209221,10.1316420305577,9.70434311245106,11.9034065685153,10.6322930281198,10.4545304744372,11.340503623901,6.08657041965392,8.67398830712635,8.20653444422864,8.83393869850102,8.89333122227608,9.85919348788357,9.65536641637638,9.48414027000776,12.5308507664179,10.7382325512987,9.4246642332492,10.964143889708,10.593547942483,11.9444350717115,10.3128063623113,6.93506806954994,10.7155888982305,9.55487568096434,11.6662645535102,6.94713187757955,10.0249909272366,8.94829308810281,8.72237854718169,9.16981023746897,9.07975882548975,11.2171292866467,6.81177142517231,6.48265285574716,5.26595298165148,12.8405884841075,9.08062774510118,7.61095359076887,8.55419447179859,11.0397027334918,8.56490269421689,8.18294946616984,10.794631759407,4.92955736159113,7.52853669734353,11.1636038037318,9.38739499444446,8.7713511615491,11.6998074902966,12.6831754477266,11.4706130749053,11.434300608126,11.8897062785033,12.2221903099447,8.80471368041355,7.13558514551227,11.3908145336743,11.2393540647784,12.3430998452731,6.97191088384512,11.4048390147612,11.234829269623,11.0387092036071,6.08508701692512,11.0189894349182,12.578541036477,6.74880658646632,11.13655870711,11.915391454606,4.60848204954646,12.1422152010789,13.1578374850807,13.5305406191011,12.6488932067148,11.9426016624688,12.8759465157533,11.9637340890922,5.32738997940201,9.62904433809637,8.95944091212294,11.2950699567061,8.23583383562868,9.50878778081009,9.94984070261283,7.50026850036643,6.43485156461081,9.22632217008814,10.856905949892,13.2736630478532,10.097472818165,12.6845806377155,9.96032745656833,6.55896201524718,11.9029521208049,12.5012727063233,10.5386493130358,10.020754565709,14.8144463668177
